Dataset,Algorithm,Grid Size,Score,Total Placements,Residential,Utility,Time (s),Peak Memory (MB),Parameters
a_example,hill_climbing,4x7,4,3,1,75,0.0216,0.0068,"max_iterations=5000, patience=500, min_delta=2, use_restart=True, max_restarts=1"
a_example,hill_climbing,4x7,4,3,1,75,0.0255,0.0066,"max_iterations=5000, patience=500, min_delta=2, use_restart=True, max_restarts=1"
a_example,hill_climbing,4x7,4,3,1,75,0.0232,0.0066,"max_iterations=5000, patience=500, min_delta=2, use_restart=True, max_restarts=1"
a_example,hill_climbing,4x7,4,3,1,75,0.0235,0.0066,"max_iterations=5000, patience=500, min_delta=2, use_restart=True, max_restarts=1"
a_example,hill_climbing,4x7,4,3,1,75,0.0233,0.0066,"max_iterations=5000, patience=500, min_delta=2, use_restart=True, max_restarts=1"
b_short_walk,hill_climbing,1000x1000,103780,20886,82894,1807423,519.4268,220.3475,"max_iterations=5000, patience=500, min_delta=2, use_restart=True, max_restarts=1"
b_short_walk,hill_climbing,1000x1000,103780,20886,82894,1807423,500.0384,220.3478,"max_iterations=5000, patience=500, min_delta=2, use_restart=True, max_restarts=1"
b_short_walk,hill_climbing,1000x1000,103780,20886,82894,1807423,494.1642,220.1269,"max_iterations=5000, patience=500, min_delta=2, use_restart=True, max_restarts=1"
b_short_walk,hill_climbing,1000x1000,103780,20886,82894,1807423,497.6014,220.1269,"max_iterations=5000, patience=500, min_delta=2, use_restart=True, max_restarts=1"
b_short_walk,hill_climbing,1000x1000,103780,20886,82894,1807423,494.4644,220.1269,"max_iterations=5000, patience=500, min_delta=2, use_restart=True, max_restarts=1"
c_going_green,hill_climbing,1000x1000,3892,1715,2177,1589551,1048.1333,327.6185,"max_iterations=5000, patience=500, min_delta=2, use_restart=True, max_restarts=1"
c_going_green,hill_climbing,1000x1000,3883,1700,2183,1578227,1046.9960,329.7511,"max_iterations=5000, patience=500, min_delta=2, use_restart=True, max_restarts=1"
c_going_green,hill_climbing,1000x1000,3852,1679,2173,1551534,1061.3179,327.9718,"max_iterations=5000, patience=500, min_delta=2, use_restart=True, max_restarts=1"
c_going_green,hill_climbing,1000x1000,3850,1692,2158,1555456,1060.1911,326.5641,"max_iterations=5000, patience=500, min_delta=2, use_restart=True, max_restarts=1"
c_going_green,hill_climbing,1000x1000,3872,1696,2176,1576624,1081.5812,328.7310,"max_iterations=5000, patience=500, min_delta=2, use_restart=True, max_restarts=1"
d_wide_selection,hill_climbing,1000x1000,241572,31279,210293,967864,181.3029,671.6045,"max_iterations=5000, patience=500, min_delta=2, use_restart=True, max_restarts=1"
d_wide_selection,hill_climbing,1000x1000,241572,31279,210293,967864,178.6533,671.7394,"max_iterations=5000, patience=500, min_delta=2, use_restart=True, max_restarts=1"
d_wide_selection,hill_climbing,1000x1000,241572,31279,210293,967864,176.1239,671.7392,"max_iterations=5000, patience=500, min_delta=2, use_restart=True, max_restarts=1"
d_wide_selection,hill_climbing,1000x1000,241572,31279,210293,967864,191.7311,671.9246,"max_iterations=5000, patience=500, min_delta=2, use_restart=True, max_restarts=1"
d_wide_selection,hill_climbing,1000x1000,241572,31279,210293,967864,174.8561,671.8610,"max_iterations=5000, patience=500, min_delta=2, use_restart=True, max_restarts=1"
e_precise_fit,hill_climbing,1000x1000,17846,17492,354,2069685,626.0117,208.1689,"max_iterations=5000, patience=500, min_delta=2, use_restart=True, max_restarts=1"
e_precise_fit,hill_climbing,1000x1000,17846,17492,354,2069685,619.0112,208.1488,"max_iterations=5000, patience=500, min_delta=2, use_restart=True, max_restarts=1"
e_precise_fit,hill_climbing,1000x1000,17846,17492,354,2069685,649.0180,208.1489,"max_iterations=5000, patience=500, min_delta=2, use_restart=True, max_restarts=1"
e_precise_fit,hill_climbing,1000x1000,17846,17492,354,2069685,640.9590,208.1494,"max_iterations=5000, patience=500, min_delta=2, use_restart=True, max_restarts=1"
e_precise_fit,hill_climbing,1000x1000,17846,17492,354,2069685,653.8692,208.1489,"max_iterations=5000, patience=500, min_delta=2, use_restart=True, max_restarts=1"
f_different_footprints,hill_climbing,1000x1000,33098,29759,3339,2185747,657.0561,362.8124,"max_iterations=5000, patience=500, min_delta=2, use_restart=True, max_restarts=1"
f_different_footprints,hill_climbing,1000x1000,33098,29759,3339,2185747,672.1278,362.9229,"max_iterations=5000, patience=500, min_delta=2, use_restart=True, max_restarts=1"
f_different_footprints,hill_climbing,1000x1000,33098,29759,3339,2185747,666.5236,362.9107,"max_iterations=5000, patience=500, min_delta=2, use_restart=True, max_restarts=1"
f_different_footprints,hill_climbing,1000x1000,33098,29759,3339,2185747,677.6966,362.9225,"max_iterations=5000, patience=500, min_delta=2, use_restart=True, max_restarts=1"
f_different_footprints,hill_climbing,1000x1000,33098,29759,3339,2185747,675.4691,362.8698,"max_iterations=5000, patience=500, min_delta=2, use_restart=True, max_restarts=1"
a_example,simulated_annealing,4x7,5,3,2,125,0.2570,0.0723,"max_iterations=12000, initial_temperature=2500.0, cooling_rate=0.9975, min_temperature=0.15, reheats=1, reheat_factor=0.35, neighborhood_radius=4, top_k_res=35, max_utility_types=12, add_weight=0.18, remove_weight=0.1, move_weight=0.4, change_weight=0.32, max_runtime_s=540, seed=0, use_greedy_init=True, same_type_change_prob=0.82, similar_shape_change_prob=0.7, shape_slack=2"
a_example,simulated_annealing,4x7,5,3,2,125,0.2505,0.0473,"max_iterations=12000, initial_temperature=2500.0, cooling_rate=0.9975, min_temperature=0.15, reheats=1, reheat_factor=0.35, neighborhood_radius=4, top_k_res=35, max_utility_types=12, add_weight=0.18, remove_weight=0.1, move_weight=0.4, change_weight=0.32, max_runtime_s=540, seed=0, use_greedy_init=True, same_type_change_prob=0.82, similar_shape_change_prob=0.7, shape_slack=2"
a_example,simulated_annealing,4x7,5,3,2,125,0.2487,0.0471,"max_iterations=12000, initial_temperature=2500.0, cooling_rate=0.9975, min_temperature=0.15, reheats=1, reheat_factor=0.35, neighborhood_radius=4, top_k_res=35, max_utility_types=12, add_weight=0.18, remove_weight=0.1, move_weight=0.4, change_weight=0.32, max_runtime_s=540, seed=0, use_greedy_init=True, same_type_change_prob=0.82, similar_shape_change_prob=0.7, shape_slack=2"
a_example,simulated_annealing,4x7,5,3,2,125,0.2478,0.0471,"max_iterations=12000, initial_temperature=2500.0, cooling_rate=0.9975, min_temperature=0.15, reheats=1, reheat_factor=0.35, neighborhood_radius=4, top_k_res=35, max_utility_types=12, add_weight=0.18, remove_weight=0.1, move_weight=0.4, change_weight=0.32, max_runtime_s=540, seed=0, use_greedy_init=True, same_type_change_prob=0.82, similar_shape_change_prob=0.7, shape_slack=2"
a_example,simulated_annealing,4x7,5,3,2,125,0.2469,0.0471,"max_iterations=12000, initial_temperature=2500.0, cooling_rate=0.9975, min_temperature=0.15, reheats=1, reheat_factor=0.35, neighborhood_radius=4, top_k_res=35, max_utility_types=12, add_weight=0.18, remove_weight=0.1, move_weight=0.4, change_weight=0.32, max_runtime_s=540, seed=0, use_greedy_init=True, same_type_change_prob=0.82, similar_shape_change_prob=0.7, shape_slack=2"
b_short_walk,simulated_annealing,1000x1000,103833,20876,82957,1804119,10.6124,346.7986,"max_iterations=12000, initial_temperature=2500.0, cooling_rate=0.9975, min_temperature=0.15, reheats=1, reheat_factor=0.35, neighborhood_radius=4, top_k_res=35, max_utility_types=12, add_weight=0.18, remove_weight=0.1, move_weight=0.4, change_weight=0.32, max_runtime_s=540, seed=0, use_greedy_init=True, same_type_change_prob=0.82, similar_shape_change_prob=0.7, shape_slack=2"
b_short_walk,simulated_annealing,1000x1000,103833,20876,82957,1804119,10.3710,346.7996,"max_iterations=12000, initial_temperature=2500.0, cooling_rate=0.9975, min_temperature=0.15, reheats=1, reheat_factor=0.35, neighborhood_radius=4, top_k_res=35, max_utility_types=12, add_weight=0.18, remove_weight=0.1, move_weight=0.4, change_weight=0.32, max_runtime_s=540, seed=0, use_greedy_init=True, same_type_change_prob=0.82, similar_shape_change_prob=0.7, shape_slack=2"
b_short_walk,simulated_annealing,1000x1000,103833,20876,82957,1804119,10.6132,346.9383,"max_iterations=12000, initial_temperature=2500.0, cooling_rate=0.9975, min_temperature=0.15, reheats=1, reheat_factor=0.35, neighborhood_radius=4, top_k_res=35, max_utility_types=12, add_weight=0.18, remove_weight=0.1, move_weight=0.4, change_weight=0.32, max_runtime_s=540, seed=0, use_greedy_init=True, same_type_change_prob=0.82, similar_shape_change_prob=0.7, shape_slack=2"
b_short_walk,simulated_annealing,1000x1000,103833,20876,82957,1804119,10.5107,346.7996,"max_iterations=12000, initial_temperature=2500.0, cooling_rate=0.9975, min_temperature=0.15, reheats=1, reheat_factor=0.35, neighborhood_radius=4, top_k_res=35, max_utility_types=12, add_weight=0.18, remove_weight=0.1, move_weight=0.4, change_weight=0.32, max_runtime_s=540, seed=0, use_greedy_init=True, same_type_change_prob=0.82, similar_shape_change_prob=0.7, shape_slack=2"
b_short_walk,simulated_annealing,1000x1000,103833,20876,82957,1804119,10.4116,346.7996,"max_iterations=12000, initial_temperature=2500.0, cooling_rate=0.9975, min_temperature=0.15, reheats=1, reheat_factor=0.35, neighborhood_radius=4, top_k_res=35, max_utility_types=12, add_weight=0.18, remove_weight=0.1, move_weight=0.4, change_weight=0.32, max_runtime_s=540, seed=0, use_greedy_init=True, same_type_change_prob=0.82, similar_shape_change_prob=0.7, shape_slack=2"
c_going_green,simulated_annealing,1000x1000,4478,1362,3116,1415499,304.6333,475.7445,"max_iterations=12000, initial_temperature=2500.0, cooling_rate=0.9975, min_temperature=0.15, reheats=1, reheat_factor=0.35, neighborhood_radius=4, top_k_res=35, max_utility_types=12, add_weight=0.18, remove_weight=0.1, move_weight=0.4, change_weight=0.32, max_runtime_s=540, seed=0, use_greedy_init=True, same_type_change_prob=0.82, similar_shape_change_prob=0.7, shape_slack=2"
c_going_green,simulated_annealing,1000x1000,4519,1353,3166,1426736,307.4862,481.6803,"max_iterations=12000, initial_temperature=2500.0, cooling_rate=0.9975, min_temperature=0.15, reheats=1, reheat_factor=0.35, neighborhood_radius=4, top_k_res=35, max_utility_types=12, add_weight=0.18, remove_weight=0.1, move_weight=0.4, change_weight=0.32, max_runtime_s=540, seed=0, use_greedy_init=True, same_type_change_prob=0.82, similar_shape_change_prob=0.7, shape_slack=2"
c_going_green,simulated_annealing,1000x1000,4560,1384,3176,1449709,306.1339,482.1048,"max_iterations=12000, initial_temperature=2500.0, cooling_rate=0.9975, min_temperature=0.15, reheats=1, reheat_factor=0.35, neighborhood_radius=4, top_k_res=35, max_utility_types=12, add_weight=0.18, remove_weight=0.1, move_weight=0.4, change_weight=0.32, max_runtime_s=540, seed=0, use_greedy_init=True, same_type_change_prob=0.82, similar_shape_change_prob=0.7, shape_slack=2"
c_going_green,simulated_annealing,1000x1000,4560,1384,3176,1449709,305.3238,482.1039,"max_iterations=12000, initial_temperature=2500.0, cooling_rate=0.9975, min_temperature=0.15, reheats=1, reheat_factor=0.35, neighborhood_radius=4, top_k_res=35, max_utility_types=12, add_weight=0.18, remove_weight=0.1, move_weight=0.4, change_weight=0.32, max_runtime_s=540, seed=0, use_greedy_init=True, same_type_change_prob=0.82, similar_shape_change_prob=0.7, shape_slack=2"
c_going_green,simulated_annealing,1000x1000,4511,1347,3164,1431046,305.8331,485.0512,"max_iterations=12000, initial_temperature=2500.0, cooling_rate=0.9975, min_temperature=0.15, reheats=1, reheat_factor=0.35, neighborhood_radius=4, top_k_res=35, max_utility_types=12, add_weight=0.18, remove_weight=0.1, move_weight=0.4, change_weight=0.32, max_runtime_s=540, seed=0, use_greedy_init=True, same_type_change_prob=0.82, similar_shape_change_prob=0.7, shape_slack=2"
d_wide_selection,simulated_annealing,1000x1000,241727,31457,210270,1029167,158.0356,728.1138,"max_iterations=12000, initial_temperature=2500.0, cooling_rate=0.9975, min_temperature=0.15, reheats=1, reheat_factor=0.35, neighborhood_radius=4, top_k_res=35, max_utility_types=12, add_weight=0.18, remove_weight=0.1, move_weight=0.4, change_weight=0.32, max_runtime_s=540, seed=0, use_greedy_init=True, same_type_change_prob=0.82, similar_shape_change_prob=0.7, shape_slack=2"
d_wide_selection,simulated_annealing,1000x1000,241727,31457,210270,1029167,156.3163,728.1061,"max_iterations=12000, initial_temperature=2500.0, cooling_rate=0.9975, min_temperature=0.15, reheats=1, reheat_factor=0.35, neighborhood_radius=4, top_k_res=35, max_utility_types=12, add_weight=0.18, remove_weight=0.1, move_weight=0.4, change_weight=0.32, max_runtime_s=540, seed=0, use_greedy_init=True, same_type_change_prob=0.82, similar_shape_change_prob=0.7, shape_slack=2"
d_wide_selection,simulated_annealing,1000x1000,241727,31457,210270,1029167,159.0286,728.1051,"max_iterations=12000, initial_temperature=2500.0, cooling_rate=0.9975, min_temperature=0.15, reheats=1, reheat_factor=0.35, neighborhood_radius=4, top_k_res=35, max_utility_types=12, add_weight=0.18, remove_weight=0.1, move_weight=0.4, change_weight=0.32, max_runtime_s=540, seed=0, use_greedy_init=True, same_type_change_prob=0.82, similar_shape_change_prob=0.7, shape_slack=2"
d_wide_selection,simulated_annealing,1000x1000,241727,31457,210270,1029167,160.3117,728.1142,"max_iterations=12000, initial_temperature=2500.0, cooling_rate=0.9975, min_temperature=0.15, reheats=1, reheat_factor=0.35, neighborhood_radius=4, top_k_res=35, max_utility_types=12, add_weight=0.18, remove_weight=0.1, move_weight=0.4, change_weight=0.32, max_runtime_s=540, seed=0, use_greedy_init=True, same_type_change_prob=0.82, similar_shape_change_prob=0.7, shape_slack=2"
d_wide_selection,simulated_annealing,1000x1000,241727,31457,210270,1029167,157.3566,728.1134,"max_iterations=12000, initial_temperature=2500.0, cooling_rate=0.9975, min_temperature=0.15, reheats=1, reheat_factor=0.35, neighborhood_radius=4, top_k_res=35, max_utility_types=12, add_weight=0.18, remove_weight=0.1, move_weight=0.4, change_weight=0.32, max_runtime_s=540, seed=0, use_greedy_init=True, same_type_change_prob=0.82, similar_shape_change_prob=0.7, shape_slack=2"
e_precise_fit,simulated_annealing,1000x1000,17524,17200,324,2066020,154.5037,294.9426,"max_iterations=12000, initial_temperature=2500.0, cooling_rate=0.9975, min_temperature=0.15, reheats=1, reheat_factor=0.35, neighborhood_radius=4, top_k_res=35, max_utility_types=12, add_weight=0.18, remove_weight=0.1, move_weight=0.4, change_weight=0.32, max_runtime_s=540, seed=0, use_greedy_init=True, same_type_change_prob=0.82, similar_shape_change_prob=0.7, shape_slack=2"
e_precise_fit,simulated_annealing,1000x1000,17524,17200,324,2066020,156.7779,295.0489,"max_iterations=12000, initial_temperature=2500.0, cooling_rate=0.9975, min_temperature=0.15, reheats=1, reheat_factor=0.35, neighborhood_radius=4, top_k_res=35, max_utility_types=12, add_weight=0.18, remove_weight=0.1, move_weight=0.4, change_weight=0.32, max_runtime_s=540, seed=0, use_greedy_init=True, same_type_change_prob=0.82, similar_shape_change_prob=0.7, shape_slack=2"
e_precise_fit,simulated_annealing,1000x1000,17524,17200,324,2066020,156.0709,295.0459,"max_iterations=12000, initial_temperature=2500.0, cooling_rate=0.9975, min_temperature=0.15, reheats=1, reheat_factor=0.35, neighborhood_radius=4, top_k_res=35, max_utility_types=12, add_weight=0.18, remove_weight=0.1, move_weight=0.4, change_weight=0.32, max_runtime_s=540, seed=0, use_greedy_init=True, same_type_change_prob=0.82, similar_shape_change_prob=0.7, shape_slack=2"
e_precise_fit,simulated_annealing,1000x1000,17524,17200,324,2066020,156.1076,295.0648,"max_iterations=12000, initial_temperature=2500.0, cooling_rate=0.9975, min_temperature=0.15, reheats=1, reheat_factor=0.35, neighborhood_radius=4, top_k_res=35, max_utility_types=12, add_weight=0.18, remove_weight=0.1, move_weight=0.4, change_weight=0.32, max_runtime_s=540, seed=0, use_greedy_init=True, same_type_change_prob=0.82, similar_shape_change_prob=0.7, shape_slack=2"
e_precise_fit,simulated_annealing,1000x1000,17524,17200,324,2066020,165.6785,294.9265,"max_iterations=12000, initial_temperature=2500.0, cooling_rate=0.9975, min_temperature=0.15, reheats=1, reheat_factor=0.35, neighborhood_radius=4, top_k_res=35, max_utility_types=12, add_weight=0.18, remove_weight=0.1, move_weight=0.4, change_weight=0.32, max_runtime_s=540, seed=0, use_greedy_init=True, same_type_change_prob=0.82, similar_shape_change_prob=0.7, shape_slack=2"
f_different_footprints,simulated_annealing,1000x1000,29563,25403,4160,2028835,265.1650,408.7390,"max_iterations=12000, initial_temperature=2500.0, cooling_rate=0.9975, min_temperature=0.15, reheats=1, reheat_factor=0.35, neighborhood_radius=4, top_k_res=35, max_utility_types=12, add_weight=0.18, remove_weight=0.1, move_weight=0.4, change_weight=0.32, max_runtime_s=540, seed=0, use_greedy_init=True, same_type_change_prob=0.82, similar_shape_change_prob=0.7, shape_slack=2"
f_different_footprints,simulated_annealing,1000x1000,29472,25311,4161,2022477,264.8382,409.1731,"max_iterations=12000, initial_temperature=2500.0, cooling_rate=0.9975, min_temperature=0.15, reheats=1, reheat_factor=0.35, neighborhood_radius=4, top_k_res=35, max_utility_types=12, add_weight=0.18, remove_weight=0.1, move_weight=0.4, change_weight=0.32, max_runtime_s=540, seed=0, use_greedy_init=True, same_type_change_prob=0.82, similar_shape_change_prob=0.7, shape_slack=2"
f_different_footprints,simulated_annealing,1000x1000,29454,25293,4161,2020676,265.1821,408.8137,"max_iterations=12000, initial_temperature=2500.0, cooling_rate=0.9975, min_temperature=0.15, reheats=1, reheat_factor=0.35, neighborhood_radius=4, top_k_res=35, max_utility_types=12, add_weight=0.18, remove_weight=0.1, move_weight=0.4, change_weight=0.32, max_runtime_s=540, seed=0, use_greedy_init=True, same_type_change_prob=0.82, similar_shape_change_prob=0.7, shape_slack=2"
f_different_footprints,simulated_annealing,1000x1000,29643,25482,4161,2033585,266.2524,409.5515,"max_iterations=12000, initial_temperature=2500.0, cooling_rate=0.9975, min_temperature=0.15, reheats=1, reheat_factor=0.35, neighborhood_radius=4, top_k_res=35, max_utility_types=12, add_weight=0.18, remove_weight=0.1, move_weight=0.4, change_weight=0.32, max_runtime_s=540, seed=0, use_greedy_init=True, same_type_change_prob=0.82, similar_shape_change_prob=0.7, shape_slack=2"
f_different_footprints,simulated_annealing,1000x1000,23167,19004,4163,1567646,277.1086,400.1509,"max_iterations=12000, initial_temperature=2500.0, cooling_rate=0.9975, min_temperature=0.15, reheats=1, reheat_factor=0.35, neighborhood_radius=4, top_k_res=35, max_utility_types=12, add_weight=0.18, remove_weight=0.1, move_weight=0.4, change_weight=0.32, max_runtime_s=540, seed=0, use_greedy_init=True, same_type_change_prob=0.82, similar_shape_change_prob=0.7, shape_slack=2"
a_example,tabu_search,4x7,4,2,2,100,2.5593,0.0424,"max_iterations=2500, tabu_tenure=50, neighborhood_size=30, max_runtime_s=1000"
a_example,tabu_search,4x7,4,2,2,100,2.4609,0.0199,"max_iterations=2500, tabu_tenure=50, neighborhood_size=30, max_runtime_s=1000"
a_example,tabu_search,4x7,4,2,2,100,2.4493,0.0197,"max_iterations=2500, tabu_tenure=50, neighborhood_size=30, max_runtime_s=1000"
a_example,tabu_search,4x7,4,2,2,100,2.4690,0.0197,"max_iterations=2500, tabu_tenure=50, neighborhood_size=30, max_runtime_s=1000"
a_example,tabu_search,4x7,4,2,2,100,2.4859,0.0197,"max_iterations=2500, tabu_tenure=50, neighborhood_size=30, max_runtime_s=1000"
b_short_walk,tabu_search,1000x1000,103232,21174,82058,1835760,38.2621,335.4802,"max_iterations=2500, tabu_tenure=50, neighborhood_size=30, max_runtime_s=1000"
b_short_walk,tabu_search,1000x1000,103232,21174,82058,1835760,39.3783,335.3802,"max_iterations=2500, tabu_tenure=50, neighborhood_size=30, max_runtime_s=1000"
b_short_walk,tabu_search,1000x1000,103232,21174,82058,1835760,40.1167,335.2585,"max_iterations=2500, tabu_tenure=50, neighborhood_size=30, max_runtime_s=1000"
b_short_walk,tabu_search,1000x1000,103232,21174,82058,1835760,39.7788,335.2585,"max_iterations=2500, tabu_tenure=50, neighborhood_size=30, max_runtime_s=1000"
b_short_walk,tabu_search,1000x1000,103232,21174,82058,1835760,39.5242,335.2585,"max_iterations=2500, tabu_tenure=50, neighborhood_size=30, max_runtime_s=1000"
c_going_green,tabu_search,1000x1000,3671,1173,2498,1472905,981.8014,531.1792,"max_iterations=2500, tabu_tenure=50, neighborhood_size=30, max_runtime_s=1000"
c_going_green,tabu_search,1000x1000,2718,670,2048,654721,217.6293,202.4280,"max_iterations=2500, tabu_tenure=50, neighborhood_size=30, max_runtime_s=1000"
c_going_green,tabu_search,1000x1000,3679,1188,2491,1485336,982.1531,531.3852,"max_iterations=2500, tabu_tenure=50, neighborhood_size=30, max_runtime_s=1000"
c_going_green,tabu_search,1000x1000,3664,1169,2495,1469951,982.5161,531.0574,"max_iterations=2500, tabu_tenure=50, neighborhood_size=30, max_runtime_s=1000"
c_going_green,tabu_search,1000x1000,3486,1099,2387,1346490,982.1205,522.9839,"max_iterations=2500, tabu_tenure=50, neighborhood_size=30, max_runtime_s=1000"
d_wide_selection,tabu_search,1000x1000,240088,31735,208353,980348,179.3295,740.8761,"max_iterations=2500, tabu_tenure=50, neighborhood_size=30, max_runtime_s=1000"
d_wide_selection,tabu_search,1000x1000,240088,31735,208353,980348,171.4105,740.8058,"max_iterations=2500, tabu_tenure=50, neighborhood_size=30, max_runtime_s=1000"
d_wide_selection,tabu_search,1000x1000,240088,31735,208353,980348,173.7138,740.6830,"max_iterations=2500, tabu_tenure=50, neighborhood_size=30, max_runtime_s=1000"
d_wide_selection,tabu_search,1000x1000,240088,31735,208353,980348,172.6200,740.6839,"max_iterations=2500, tabu_tenure=50, neighborhood_size=30, max_runtime_s=1000"
d_wide_selection,tabu_search,1000x1000,240088,31735,208353,980348,175.5907,740.5808,"max_iterations=2500, tabu_tenure=50, neighborhood_size=30, max_runtime_s=1000"
e_precise_fit,tabu_search,1000x1000,19193,18714,479,2163910,221.6869,364.9501,"max_iterations=2500, tabu_tenure=50, neighborhood_size=30, max_runtime_s=1000"
e_precise_fit,tabu_search,1000x1000,19193,18714,479,2163910,235.7351,364.8289,"max_iterations=2500, tabu_tenure=50, neighborhood_size=30, max_runtime_s=1000"
e_precise_fit,tabu_search,1000x1000,19193,18714,479,2163910,228.2490,364.8289,"max_iterations=2500, tabu_tenure=50, neighborhood_size=30, max_runtime_s=1000"
e_precise_fit,tabu_search,1000x1000,19193,18714,479,2163910,230.1119,364.8829,"max_iterations=2500, tabu_tenure=50, neighborhood_size=30, max_runtime_s=1000"
e_precise_fit,tabu_search,1000x1000,19193,18714,479,2163910,217.0254,364.8578,"max_iterations=2500, tabu_tenure=50, neighborhood_size=30, max_runtime_s=1000"
f_different_footprints,tabu_search,1000x1000,34343,30713,3630,2287442,355.5635,566.7580,"max_iterations=2500, tabu_tenure=50, neighborhood_size=30, max_runtime_s=1000"
f_different_footprints,tabu_search,1000x1000,34343,30713,3630,2287442,362.3359,566.7580,"max_iterations=2500, tabu_tenure=50, neighborhood_size=30, max_runtime_s=1000"
f_different_footprints,tabu_search,1000x1000,34343,30713,3630,2287442,375.3286,566.7580,"max_iterations=2500, tabu_tenure=50, neighborhood_size=30, max_runtime_s=1000"
f_different_footprints,tabu_search,1000x1000,34343,30713,3630,2287442,372.5862,566.7074,"max_iterations=2500, tabu_tenure=50, neighborhood_size=30, max_runtime_s=1000"
f_different_footprints,tabu_search,1000x1000,34343,30713,3630,2287442,386.1595,566.7074,"max_iterations=2500, tabu_tenure=50, neighborhood_size=30, max_runtime_s=1000"
a_example,hill_climbing,4x7,4,3,1,75,0.0411,0.0324,"max_iterations=8000, patience=1500, min_delta=1, use_restart=True, max_restarts=1"
a_example,hill_climbing,4x7,4,3,1,75,0.0363,0.0081,"max_iterations=8000, patience=1500, min_delta=1, use_restart=True, max_restarts=1"
a_example,hill_climbing,4x7,4,3,1,75,0.0361,0.0078,"max_iterations=8000, patience=1500, min_delta=1, use_restart=True, max_restarts=1"
a_example,hill_climbing,4x7,4,3,1,75,0.0367,0.0077,"max_iterations=8000, patience=1500, min_delta=1, use_restart=True, max_restarts=1"
a_example,hill_climbing,4x7,4,3,1,75,0.0358,0.0077,"max_iterations=8000, patience=1500, min_delta=1, use_restart=True, max_restarts=1"
b_short_walk,hill_climbing,1000x1000,103760,20905,82855,1810343,831.4092,220.4738,"max_iterations=8000, patience=1500, min_delta=1, use_restart=True, max_restarts=1"
b_short_walk,hill_climbing,1000x1000,103760,20905,82855,1810343,912.0246,220.4746,"max_iterations=8000, patience=1500, min_delta=1, use_restart=True, max_restarts=1"
b_short_walk,hill_climbing,1000x1000,103760,20905,82855,1810343,936.9304,220.3254,"max_iterations=8000, patience=1500, min_delta=1, use_restart=True, max_restarts=1"
b_short_walk,hill_climbing,1000x1000,103760,20905,82855,1810343,937.1669,220.3417,"max_iterations=8000, patience=1500, min_delta=1, use_restart=True, max_restarts=1"
b_short_walk,hill_climbing,1000x1000,103760,20905,82855,1810343,930.2356,220.2955,"max_iterations=8000, patience=1500, min_delta=1, use_restart=True, max_restarts=1"
c_going_green,hill_climbing,1000x1000,3809,1522,2287,1379334,1626.8546,386.2891,"max_iterations=8000, patience=1500, min_delta=1, use_restart=True, max_restarts=1"
c_going_green,hill_climbing,1000x1000,3723,1444,2279,1297945,1609.0195,386.6714,"max_iterations=8000, patience=1500, min_delta=1, use_restart=True, max_restarts=1"
c_going_green,hill_climbing,1000x1000,3771,1491,2280,1337706,1629.1229,384.1240,"max_iterations=8000, patience=1500, min_delta=1, use_restart=True, max_restarts=1"
c_going_green,hill_climbing,1000x1000,3771,1491,2280,1337706,1654.7315,384.1240,"max_iterations=8000, patience=1500, min_delta=1, use_restart=True, max_restarts=1"
c_going_green,hill_climbing,1000x1000,3716,1432,2284,1290280,1766.3424,385.1546,"max_iterations=8000, patience=1500, min_delta=1, use_restart=True, max_restarts=1"
d_wide_selection,hill_climbing,1000x1000,241173,31279,209894,968172,335.5595,671.7700,"max_iterations=8000, patience=1500, min_delta=1, use_restart=True, max_restarts=1"
d_wide_selection,hill_climbing,1000x1000,241173,31279,209894,968172,316.6153,671.4607,"max_iterations=8000, patience=1500, min_delta=1, use_restart=True, max_restarts=1"
d_wide_selection,hill_climbing,1000x1000,241173,31279,209894,968172,397.1561,671.7076,"max_iterations=8000, patience=1500, min_delta=1, use_restart=True, max_restarts=1"
d_wide_selection,hill_climbing,1000x1000,241173,31279,209894,968172,311.6626,671.5857,"max_iterations=8000, patience=1500, min_delta=1, use_restart=True, max_restarts=1"
d_wide_selection,hill_climbing,1000x1000,241173,31279,209894,968172,324.4148,671.5845,"max_iterations=8000, patience=1500, min_delta=1, use_restart=True, max_restarts=1"
e_precise_fit,hill_climbing,1000x1000,18030,17668,362,2073335,1086.5810,211.0741,"max_iterations=8000, patience=1500, min_delta=1, use_restart=True, max_restarts=1"
e_precise_fit,hill_climbing,1000x1000,18030,17668,362,2073335,1147.4149,211.0741,"max_iterations=8000, patience=1500, min_delta=1, use_restart=True, max_restarts=1"
e_precise_fit,hill_climbing,1000x1000,18030,17668,362,2073335,1118.4042,210.8697,"max_iterations=8000, patience=1500, min_delta=1, use_restart=True, max_restarts=1"
e_precise_fit,hill_climbing,1000x1000,18030,17668,362,2073335,1028.8528,211.0741,"max_iterations=8000, patience=1500, min_delta=1, use_restart=True, max_restarts=1"
e_precise_fit,hill_climbing,1000x1000,18030,17668,362,2073335,1320.0127,211.0040,"max_iterations=8000, patience=1500, min_delta=1, use_restart=True, max_restarts=1"
f_different_footprints,hill_climbing,1000x1000,33251,29890,3361,2190004,986.8115,364.5951,"max_iterations=8000, patience=1500, min_delta=1, use_restart=True, max_restarts=1"
f_different_footprints,hill_climbing,1000x1000,33251,29890,3361,2190004,1046.2947,364.5531,"max_iterations=8000, patience=1500, min_delta=1, use_restart=True, max_restarts=1"
f_different_footprints,hill_climbing,1000x1000,19703,16331,3372,1244780,736.5282,362.2907,"max_iterations=8000, patience=1500, min_delta=1, use_restart=True, max_restarts=1"
f_different_footprints,hill_climbing,1000x1000,33251,29890,3361,2190004,1027.8360,364.5300,"max_iterations=8000, patience=1500, min_delta=1, use_restart=True, max_restarts=1"
f_different_footprints,hill_climbing,1000x1000,33251,29890,3361,2190004,1313.8140,364.5951,"max_iterations=8000, patience=1500, min_delta=1, use_restart=True, max_restarts=1"
a_example,simulated_annealing,4x7,4,2,2,100,0.1810,0.0828,"max_iterations=12000, initial_temperature=1200.0, cooling_rate=0.997, min_temperature=0.2, reheats=1, reheat_factor=0.25, neighborhood_radius=3, top_k_res=35, max_utility_types=12, add_weight=0.15, remove_weight=0.12, move_weight=0.45, change_weight=0.28, max_runtime_s=540, seed=1, use_greedy_init=True, same_type_change_prob=0.88, similar_shape_change_prob=0.75, shape_slack=2"
a_example,simulated_annealing,4x7,4,2,2,100,0.1693,0.0470,"max_iterations=12000, initial_temperature=1200.0, cooling_rate=0.997, min_temperature=0.2, reheats=1, reheat_factor=0.25, neighborhood_radius=3, top_k_res=35, max_utility_types=12, add_weight=0.15, remove_weight=0.12, move_weight=0.45, change_weight=0.28, max_runtime_s=540, seed=1, use_greedy_init=True, same_type_change_prob=0.88, similar_shape_change_prob=0.75, shape_slack=2"
a_example,simulated_annealing,4x7,4,2,2,100,0.1725,0.0470,"max_iterations=12000, initial_temperature=1200.0, cooling_rate=0.997, min_temperature=0.2, reheats=1, reheat_factor=0.25, neighborhood_radius=3, top_k_res=35, max_utility_types=12, add_weight=0.15, remove_weight=0.12, move_weight=0.45, change_weight=0.28, max_runtime_s=540, seed=1, use_greedy_init=True, same_type_change_prob=0.88, similar_shape_change_prob=0.75, shape_slack=2"
a_example,simulated_annealing,4x7,4,2,2,100,0.1753,0.0470,"max_iterations=12000, initial_temperature=1200.0, cooling_rate=0.997, min_temperature=0.2, reheats=1, reheat_factor=0.25, neighborhood_radius=3, top_k_res=35, max_utility_types=12, add_weight=0.15, remove_weight=0.12, move_weight=0.45, change_weight=0.28, max_runtime_s=540, seed=1, use_greedy_init=True, same_type_change_prob=0.88, similar_shape_change_prob=0.75, shape_slack=2"
a_example,simulated_annealing,4x7,4,2,2,100,0.1772,0.0468,"max_iterations=12000, initial_temperature=1200.0, cooling_rate=0.997, min_temperature=0.2, reheats=1, reheat_factor=0.25, neighborhood_radius=3, top_k_res=35, max_utility_types=12, add_weight=0.15, remove_weight=0.12, move_weight=0.45, change_weight=0.28, max_runtime_s=540, seed=1, use_greedy_init=True, same_type_change_prob=0.88, similar_shape_change_prob=0.75, shape_slack=2"
b_short_walk,simulated_annealing,1000x1000,103833,20875,82958,1804173,16.9332,344.5809,"max_iterations=12000, initial_temperature=1200.0, cooling_rate=0.997, min_temperature=0.2, reheats=1, reheat_factor=0.25, neighborhood_radius=3, top_k_res=35, max_utility_types=12, add_weight=0.15, remove_weight=0.12, move_weight=0.45, change_weight=0.28, max_runtime_s=540, seed=1, use_greedy_init=True, same_type_change_prob=0.88, similar_shape_change_prob=0.75, shape_slack=2"
b_short_walk,simulated_annealing,1000x1000,103833,20875,82958,1804173,10.5230,344.4423,"max_iterations=12000, initial_temperature=1200.0, cooling_rate=0.997, min_temperature=0.2, reheats=1, reheat_factor=0.25, neighborhood_radius=3, top_k_res=35, max_utility_types=12, add_weight=0.15, remove_weight=0.12, move_weight=0.45, change_weight=0.28, max_runtime_s=540, seed=1, use_greedy_init=True, same_type_change_prob=0.88, similar_shape_change_prob=0.75, shape_slack=2"
b_short_walk,simulated_annealing,1000x1000,103833,20875,82958,1804173,11.1254,344.6038,"max_iterations=12000, initial_temperature=1200.0, cooling_rate=0.997, min_temperature=0.2, reheats=1, reheat_factor=0.25, neighborhood_radius=3, top_k_res=35, max_utility_types=12, add_weight=0.15, remove_weight=0.12, move_weight=0.45, change_weight=0.28, max_runtime_s=540, seed=1, use_greedy_init=True, same_type_change_prob=0.88, similar_shape_change_prob=0.75, shape_slack=2"
b_short_walk,simulated_annealing,1000x1000,103833,20875,82958,1804173,14.4898,344.4551,"max_iterations=12000, initial_temperature=1200.0, cooling_rate=0.997, min_temperature=0.2, reheats=1, reheat_factor=0.25, neighborhood_radius=3, top_k_res=35, max_utility_types=12, add_weight=0.15, remove_weight=0.12, move_weight=0.45, change_weight=0.28, max_runtime_s=540, seed=1, use_greedy_init=True, same_type_change_prob=0.88, similar_shape_change_prob=0.75, shape_slack=2"
b_short_walk,simulated_annealing,1000x1000,103833,20875,82958,1804173,11.0650,344.4423,"max_iterations=12000, initial_temperature=1200.0, cooling_rate=0.997, min_temperature=0.2, reheats=1, reheat_factor=0.25, neighborhood_radius=3, top_k_res=35, max_utility_types=12, add_weight=0.15, remove_weight=0.12, move_weight=0.45, change_weight=0.28, max_runtime_s=540, seed=1, use_greedy_init=True, same_type_change_prob=0.88, similar_shape_change_prob=0.75, shape_slack=2"
c_going_green,simulated_annealing,1000x1000,4185,1129,3056,1204622,290.1014,426.5837,"max_iterations=12000, initial_temperature=1200.0, cooling_rate=0.997, min_temperature=0.2, reheats=1, reheat_factor=0.25, neighborhood_radius=3, top_k_res=35, max_utility_types=12, add_weight=0.15, remove_weight=0.12, move_weight=0.45, change_weight=0.28, max_runtime_s=540, seed=1, use_greedy_init=True, same_type_change_prob=0.88, similar_shape_change_prob=0.75, shape_slack=2"
c_going_green,simulated_annealing,1000x1000,4181,1129,3052,1194875,290.5054,427.1297,"max_iterations=12000, initial_temperature=1200.0, cooling_rate=0.997, min_temperature=0.2, reheats=1, reheat_factor=0.25, neighborhood_radius=3, top_k_res=35, max_utility_types=12, add_weight=0.15, remove_weight=0.12, move_weight=0.45, change_weight=0.28, max_runtime_s=540, seed=1, use_greedy_init=True, same_type_change_prob=0.88, similar_shape_change_prob=0.75, shape_slack=2"
c_going_green,simulated_annealing,1000x1000,4181,1129,3052,1194875,288.9802,427.1093,"max_iterations=12000, initial_temperature=1200.0, cooling_rate=0.997, min_temperature=0.2, reheats=1, reheat_factor=0.25, neighborhood_radius=3, top_k_res=35, max_utility_types=12, add_weight=0.15, remove_weight=0.12, move_weight=0.45, change_weight=0.28, max_runtime_s=540, seed=1, use_greedy_init=True, same_type_change_prob=0.88, similar_shape_change_prob=0.75, shape_slack=2"
c_going_green,simulated_annealing,1000x1000,4254,1190,3064,1257710,282.8453,427.2128,"max_iterations=12000, initial_temperature=1200.0, cooling_rate=0.997, min_temperature=0.2, reheats=1, reheat_factor=0.25, neighborhood_radius=3, top_k_res=35, max_utility_types=12, add_weight=0.15, remove_weight=0.12, move_weight=0.45, change_weight=0.28, max_runtime_s=540, seed=1, use_greedy_init=True, same_type_change_prob=0.88, similar_shape_change_prob=0.75, shape_slack=2"
c_going_green,simulated_annealing,1000x1000,4225,1169,3056,1241612,289.0717,431.6979,"max_iterations=12000, initial_temperature=1200.0, cooling_rate=0.997, min_temperature=0.2, reheats=1, reheat_factor=0.25, neighborhood_radius=3, top_k_res=35, max_utility_types=12, add_weight=0.15, remove_weight=0.12, move_weight=0.45, change_weight=0.28, max_runtime_s=540, seed=1, use_greedy_init=True, same_type_change_prob=0.88, similar_shape_change_prob=0.75, shape_slack=2"
d_wide_selection,simulated_annealing,1000x1000,241851,31397,210454,1027307,194.4317,726.1240,"max_iterations=12000, initial_temperature=1200.0, cooling_rate=0.997, min_temperature=0.2, reheats=1, reheat_factor=0.25, neighborhood_radius=3, top_k_res=35, max_utility_types=12, add_weight=0.15, remove_weight=0.12, move_weight=0.45, change_weight=0.28, max_runtime_s=540, seed=1, use_greedy_init=True, same_type_change_prob=0.88, similar_shape_change_prob=0.75, shape_slack=2"
d_wide_selection,simulated_annealing,1000x1000,241851,31397,210454,1027307,164.2100,725.9584,"max_iterations=12000, initial_temperature=1200.0, cooling_rate=0.997, min_temperature=0.2, reheats=1, reheat_factor=0.25, neighborhood_radius=3, top_k_res=35, max_utility_types=12, add_weight=0.15, remove_weight=0.12, move_weight=0.45, change_weight=0.28, max_runtime_s=540, seed=1, use_greedy_init=True, same_type_change_prob=0.88, similar_shape_change_prob=0.75, shape_slack=2"
d_wide_selection,simulated_annealing,1000x1000,241851,31397,210454,1027307,163.2713,725.9777,"max_iterations=12000, initial_temperature=1200.0, cooling_rate=0.997, min_temperature=0.2, reheats=1, reheat_factor=0.25, neighborhood_radius=3, top_k_res=35, max_utility_types=12, add_weight=0.15, remove_weight=0.12, move_weight=0.45, change_weight=0.28, max_runtime_s=540, seed=1, use_greedy_init=True, same_type_change_prob=0.88, similar_shape_change_prob=0.75, shape_slack=2"
d_wide_selection,simulated_annealing,1000x1000,241851,31397,210454,1027307,168.7637,726.0852,"max_iterations=12000, initial_temperature=1200.0, cooling_rate=0.997, min_temperature=0.2, reheats=1, reheat_factor=0.25, neighborhood_radius=3, top_k_res=35, max_utility_types=12, add_weight=0.15, remove_weight=0.12, move_weight=0.45, change_weight=0.28, max_runtime_s=540, seed=1, use_greedy_init=True, same_type_change_prob=0.88, similar_shape_change_prob=0.75, shape_slack=2"
d_wide_selection,simulated_annealing,1000x1000,241851,31397,210454,1027307,165.7612,726.0839,"max_iterations=12000, initial_temperature=1200.0, cooling_rate=0.997, min_temperature=0.2, reheats=1, reheat_factor=0.25, neighborhood_radius=3, top_k_res=35, max_utility_types=12, add_weight=0.15, remove_weight=0.12, move_weight=0.45, change_weight=0.28, max_runtime_s=540, seed=1, use_greedy_init=True, same_type_change_prob=0.88, similar_shape_change_prob=0.75, shape_slack=2"
e_precise_fit,simulated_annealing,1000x1000,17533,17209,324,2066195,159.9252,273.6940,"max_iterations=12000, initial_temperature=1200.0, cooling_rate=0.997, min_temperature=0.2, reheats=1, reheat_factor=0.25, neighborhood_radius=3, top_k_res=35, max_utility_types=12, add_weight=0.15, remove_weight=0.12, move_weight=0.45, change_weight=0.28, max_runtime_s=540, seed=1, use_greedy_init=True, same_type_change_prob=0.88, similar_shape_change_prob=0.75, shape_slack=2"
e_precise_fit,simulated_annealing,1000x1000,17533,17209,324,2066195,164.2885,273.7057,"max_iterations=12000, initial_temperature=1200.0, cooling_rate=0.997, min_temperature=0.2, reheats=1, reheat_factor=0.25, neighborhood_radius=3, top_k_res=35, max_utility_types=12, add_weight=0.15, remove_weight=0.12, move_weight=0.45, change_weight=0.28, max_runtime_s=540, seed=1, use_greedy_init=True, same_type_change_prob=0.88, similar_shape_change_prob=0.75, shape_slack=2"
e_precise_fit,simulated_annealing,1000x1000,17533,17209,324,2066195,161.7225,273.5638,"max_iterations=12000, initial_temperature=1200.0, cooling_rate=0.997, min_temperature=0.2, reheats=1, reheat_factor=0.25, neighborhood_radius=3, top_k_res=35, max_utility_types=12, add_weight=0.15, remove_weight=0.12, move_weight=0.45, change_weight=0.28, max_runtime_s=540, seed=1, use_greedy_init=True, same_type_change_prob=0.88, similar_shape_change_prob=0.75, shape_slack=2"
e_precise_fit,simulated_annealing,1000x1000,17533,17209,324,2066195,166.5853,273.5649,"max_iterations=12000, initial_temperature=1200.0, cooling_rate=0.997, min_temperature=0.2, reheats=1, reheat_factor=0.25, neighborhood_radius=3, top_k_res=35, max_utility_types=12, add_weight=0.15, remove_weight=0.12, move_weight=0.45, change_weight=0.28, max_runtime_s=540, seed=1, use_greedy_init=True, same_type_change_prob=0.88, similar_shape_change_prob=0.75, shape_slack=2"
e_precise_fit,simulated_annealing,1000x1000,17533,17209,324,2066195,168.8839,273.5643,"max_iterations=12000, initial_temperature=1200.0, cooling_rate=0.997, min_temperature=0.2, reheats=1, reheat_factor=0.25, neighborhood_radius=3, top_k_res=35, max_utility_types=12, add_weight=0.15, remove_weight=0.12, move_weight=0.45, change_weight=0.28, max_runtime_s=540, seed=1, use_greedy_init=True, same_type_change_prob=0.88, similar_shape_change_prob=0.75, shape_slack=2"
f_different_footprints,simulated_annealing,1000x1000,23870,19628,4242,1606486,270.5238,388.3592,"max_iterations=12000, initial_temperature=1200.0, cooling_rate=0.997, min_temperature=0.2, reheats=1, reheat_factor=0.25, neighborhood_radius=3, top_k_res=35, max_utility_types=12, add_weight=0.15, remove_weight=0.12, move_weight=0.45, change_weight=0.28, max_runtime_s=540, seed=1, use_greedy_init=True, same_type_change_prob=0.88, similar_shape_change_prob=0.75, shape_slack=2"
f_different_footprints,simulated_annealing,1000x1000,22679,18437,4242,1515226,290.6629,382.5945,"max_iterations=12000, initial_temperature=1200.0, cooling_rate=0.997, min_temperature=0.2, reheats=1, reheat_factor=0.25, neighborhood_radius=3, top_k_res=35, max_utility_types=12, add_weight=0.15, remove_weight=0.12, move_weight=0.45, change_weight=0.28, max_runtime_s=540, seed=1, use_greedy_init=True, same_type_change_prob=0.88, similar_shape_change_prob=0.75, shape_slack=2"
f_different_footprints,simulated_annealing,1000x1000,26772,22531,4241,1818540,268.8408,395.2558,"max_iterations=12000, initial_temperature=1200.0, cooling_rate=0.997, min_temperature=0.2, reheats=1, reheat_factor=0.25, neighborhood_radius=3, top_k_res=35, max_utility_types=12, add_weight=0.15, remove_weight=0.12, move_weight=0.45, change_weight=0.28, max_runtime_s=540, seed=1, use_greedy_init=True, same_type_change_prob=0.88, similar_shape_change_prob=0.75, shape_slack=2"
f_different_footprints,simulated_annealing,1000x1000,27200,22889,4311,1842136,267.7828,396.9959,"max_iterations=12000, initial_temperature=1200.0, cooling_rate=0.997, min_temperature=0.2, reheats=1, reheat_factor=0.25, neighborhood_radius=3, top_k_res=35, max_utility_types=12, add_weight=0.15, remove_weight=0.12, move_weight=0.45, change_weight=0.28, max_runtime_s=540, seed=1, use_greedy_init=True, same_type_change_prob=0.88, similar_shape_change_prob=0.75, shape_slack=2"
f_different_footprints,simulated_annealing,1000x1000,25131,20890,4241,1701417,269.5557,391.6874,"max_iterations=12000, initial_temperature=1200.0, cooling_rate=0.997, min_temperature=0.2, reheats=1, reheat_factor=0.25, neighborhood_radius=3, top_k_res=35, max_utility_types=12, add_weight=0.15, remove_weight=0.12, move_weight=0.45, change_weight=0.28, max_runtime_s=540, seed=1, use_greedy_init=True, same_type_change_prob=0.88, similar_shape_change_prob=0.75, shape_slack=2"
a_example,tabu_search,4x7,5,3,2,125,6.7183,0.0534,"max_iterations=3500, tabu_tenure=40, neighborhood_size=40, max_runtime_s=1000"
a_example,tabu_search,4x7,5,3,2,125,5.7609,0.0214,"max_iterations=3500, tabu_tenure=40, neighborhood_size=40, max_runtime_s=1000"
a_example,tabu_search,4x7,5,3,2,125,5.7676,0.0211,"max_iterations=3500, tabu_tenure=40, neighborhood_size=40, max_runtime_s=1000"
a_example,tabu_search,4x7,5,3,2,125,5.8542,0.0211,"max_iterations=3500, tabu_tenure=40, neighborhood_size=40, max_runtime_s=1000"
a_example,tabu_search,4x7,5,3,2,125,5.4504,0.0211,"max_iterations=3500, tabu_tenure=40, neighborhood_size=40, max_runtime_s=1000"
b_short_walk,tabu_search,1000x1000,103165,21328,81837,1861748,68.9284,347.9504,"max_iterations=3500, tabu_tenure=40, neighborhood_size=40, max_runtime_s=1000"
b_short_walk,tabu_search,1000x1000,103165,21328,81837,1861748,81.9776,347.7651,"max_iterations=3500, tabu_tenure=40, neighborhood_size=40, max_runtime_s=1000"
b_short_walk,tabu_search,1000x1000,103165,21328,81837,1861748,80.9493,347.7690,"max_iterations=3500, tabu_tenure=40, neighborhood_size=40, max_runtime_s=1000"
b_short_walk,tabu_search,1000x1000,103165,21328,81837,1861748,80.3520,347.8222,"max_iterations=3500, tabu_tenure=40, neighborhood_size=40, max_runtime_s=1000"
b_short_walk,tabu_search,1000x1000,103165,21328,81837,1861748,93.9092,347.8236,"max_iterations=3500, tabu_tenure=40, neighborhood_size=40, max_runtime_s=1000"
c_going_green,tabu_search,1000x1000,3445,1074,2371,1363945,981.8593,462.2494,"max_iterations=3500, tabu_tenure=40, neighborhood_size=40, max_runtime_s=1000"
c_going_green,tabu_search,1000x1000,3412,1039,2373,1343824,982.0594,454.5374,"max_iterations=3500, tabu_tenure=40, neighborhood_size=40, max_runtime_s=1000"
c_going_green,tabu_search,1000x1000,3355,1010,2345,1293778,982.7031,454.5278,"max_iterations=3500, tabu_tenure=40, neighborhood_size=40, max_runtime_s=1000"
c_going_green,tabu_search,1000x1000,3351,1019,2332,1275058,981.7445,441.0463,"max_iterations=3500, tabu_tenure=40, neighborhood_size=40, max_runtime_s=1000"
c_going_green,tabu_search,1000x1000,3198,884,2314,1105126,981.9647,441.0086,"max_iterations=3500, tabu_tenure=40, neighborhood_size=40, max_runtime_s=1000"
d_wide_selection,tabu_search,1000x1000,239682,32121,207561,991169,261.7587,777.0943,"max_iterations=3500, tabu_tenure=40, neighborhood_size=40, max_runtime_s=1000"
d_wide_selection,tabu_search,1000x1000,239682,32121,207561,991169,291.9559,776.8965,"max_iterations=3500, tabu_tenure=40, neighborhood_size=40, max_runtime_s=1000"
d_wide_selection,tabu_search,1000x1000,239682,32121,207561,991169,262.3840,776.9451,"max_iterations=3500, tabu_tenure=40, neighborhood_size=40, max_runtime_s=1000"
d_wide_selection,tabu_search,1000x1000,239682,32121,207561,991169,283.0131,776.9898,"max_iterations=3500, tabu_tenure=40, neighborhood_size=40, max_runtime_s=1000"
d_wide_selection,tabu_search,1000x1000,239682,32121,207561,991169,262.1041,777.0854,"max_iterations=3500, tabu_tenure=40, neighborhood_size=40, max_runtime_s=1000"
e_precise_fit,tabu_search,1000x1000,20012,19461,551,2251735,272.3832,396.3734,"max_iterations=3500, tabu_tenure=40, neighborhood_size=40, max_runtime_s=1000"
e_precise_fit,tabu_search,1000x1000,20012,19461,551,2251735,276.8531,396.3495,"max_iterations=3500, tabu_tenure=40, neighborhood_size=40, max_runtime_s=1000"
e_precise_fit,tabu_search,1000x1000,20012,19461,551,2251735,293.5326,396.3490,"max_iterations=3500, tabu_tenure=40, neighborhood_size=40, max_runtime_s=1000"
e_precise_fit,tabu_search,1000x1000,20012,19461,551,2251735,285.4737,396.4792,"max_iterations=3500, tabu_tenure=40, neighborhood_size=40, max_runtime_s=1000"
e_precise_fit,tabu_search,1000x1000,20012,19461,551,2251735,257.4408,396.3786,"max_iterations=3500, tabu_tenure=40, neighborhood_size=40, max_runtime_s=1000"
f_different_footprints,tabu_search,1000x1000,35174,31390,3784,2349892,531.3075,613.8928,"max_iterations=3500, tabu_tenure=40, neighborhood_size=40, max_runtime_s=1000"
f_different_footprints,tabu_search,1000x1000,29420,25680,3740,1949454,593.8524,570.8907,"max_iterations=3500, tabu_tenure=40, neighborhood_size=40, max_runtime_s=1000"
f_different_footprints,tabu_search,1000x1000,35174,31390,3784,2349892,485.3232,613.8939,"max_iterations=3500, tabu_tenure=40, neighborhood_size=40, max_runtime_s=1000"
f_different_footprints,tabu_search,1000x1000,35174,31390,3784,2349892,477.3131,613.8939,"max_iterations=3500, tabu_tenure=40, neighborhood_size=40, max_runtime_s=1000"
f_different_footprints,tabu_search,1000x1000,35174,31390,3784,2349892,476.5935,613.8939,"max_iterations=3500, tabu_tenure=40, neighborhood_size=40, max_runtime_s=1000"
a_example,hill_climbing,4x7,4,3,1,75,0.0228,0.0306,"max_iterations=4000, patience=800, min_delta=2, use_restart=False, max_restarts=0"
a_example,hill_climbing,4x7,4,3,1,75,0.0200,0.0075,"max_iterations=4000, patience=800, min_delta=2, use_restart=False, max_restarts=0"
a_example,hill_climbing,4x7,4,3,1,75,0.0196,0.0066,"max_iterations=4000, patience=800, min_delta=2, use_restart=False, max_restarts=0"
a_example,hill_climbing,4x7,4,3,1,75,0.0200,0.0068,"max_iterations=4000, patience=800, min_delta=2, use_restart=False, max_restarts=0"
a_example,hill_climbing,4x7,4,3,1,75,0.0201,0.0068,"max_iterations=4000, patience=800, min_delta=2, use_restart=False, max_restarts=0"
b_short_walk,hill_climbing,1000x1000,103800,20885,82915,1807075,451.6126,220.3259,"max_iterations=4000, patience=800, min_delta=2, use_restart=False, max_restarts=0"
b_short_walk,hill_climbing,1000x1000,103800,20885,82915,1807075,450.6790,220.3436,"max_iterations=4000, patience=800, min_delta=2, use_restart=False, max_restarts=0"
b_short_walk,hill_climbing,1000x1000,103800,20885,82915,1807075,456.1896,220.3436,"max_iterations=4000, patience=800, min_delta=2, use_restart=False, max_restarts=0"
b_short_walk,hill_climbing,1000x1000,103800,20885,82915,1807075,479.5574,220.3436,"max_iterations=4000, patience=800, min_delta=2, use_restart=False, max_restarts=0"
b_short_walk,hill_climbing,1000x1000,103800,20885,82915,1807075,547.3966,220.3436,"max_iterations=4000, patience=800, min_delta=2, use_restart=False, max_restarts=0"
c_going_green,hill_climbing,1000x1000,3692,1530,2162,1397012,1002.7810,321.3956,"max_iterations=4000, patience=800, min_delta=2, use_restart=False, max_restarts=0"
c_going_green,hill_climbing,1000x1000,3618,1457,2161,1331555,986.9447,320.5844,"max_iterations=4000, patience=800, min_delta=2, use_restart=False, max_restarts=0"
c_going_green,hill_climbing,1000x1000,3529,1350,2179,1239073,1049.1253,322.5169,"max_iterations=4000, patience=800, min_delta=2, use_restart=False, max_restarts=0"
c_going_green,hill_climbing,1000x1000,3566,1397,2169,1260116,1045.6462,321.4005,"max_iterations=4000, patience=800, min_delta=2, use_restart=False, max_restarts=0"
c_going_green,hill_climbing,1000x1000,3518,1345,2173,1230452,1023.9257,322.4939,"max_iterations=4000, patience=800, min_delta=2, use_restart=False, max_restarts=0"
d_wide_selection,hill_climbing,1000x1000,241504,31279,210225,967928,259.8896,671.7772,"max_iterations=4000, patience=800, min_delta=2, use_restart=False, max_restarts=0"
d_wide_selection,hill_climbing,1000x1000,241504,31279,210225,967928,285.9228,671.7775,"max_iterations=4000, patience=800, min_delta=2, use_restart=False, max_restarts=0"
d_wide_selection,hill_climbing,1000x1000,241504,31279,210225,967928,252.4768,671.7185,"max_iterations=4000, patience=800, min_delta=2, use_restart=False, max_restarts=0"
d_wide_selection,hill_climbing,1000x1000,241504,31279,210225,967928,255.6907,671.7187,"max_iterations=4000, patience=800, min_delta=2, use_restart=False, max_restarts=0"
d_wide_selection,hill_climbing,1000x1000,241504,31279,210225,967928,238.8174,671.7183,"max_iterations=4000, patience=800, min_delta=2, use_restart=False, max_restarts=0"
e_precise_fit,hill_climbing,1000x1000,17779,17437,342,2067615,627.7270,204.1099,"max_iterations=4000, patience=800, min_delta=2, use_restart=False, max_restarts=0"
e_precise_fit,hill_climbing,1000x1000,17779,17437,342,2067615,643.6295,204.1099,"max_iterations=4000, patience=800, min_delta=2, use_restart=False, max_restarts=0"
e_precise_fit,hill_climbing,1000x1000,17779,17437,342,2067615,674.7772,204.1095,"max_iterations=4000, patience=800, min_delta=2, use_restart=False, max_restarts=0"
e_precise_fit,hill_climbing,1000x1000,17779,17437,342,2067615,660.3665,204.1099,"max_iterations=4000, patience=800, min_delta=2, use_restart=False, max_restarts=0"
e_precise_fit,hill_climbing,1000x1000,17779,17437,342,2067615,1002.7734,204.1099,"max_iterations=4000, patience=800, min_delta=2, use_restart=False, max_restarts=0"
f_different_footprints,hill_climbing,1000x1000,33040,29708,3332,2184796,710.8344,362.8472,"max_iterations=4000, patience=800, min_delta=2, use_restart=False, max_restarts=0"
f_different_footprints,hill_climbing,1000x1000,33040,29708,3332,2184796,740.0403,362.8472,"max_iterations=4000, patience=800, min_delta=2, use_restart=False, max_restarts=0"
f_different_footprints,hill_climbing,1000x1000,33040,29708,3332,2184796,793.3753,362.8472,"max_iterations=4000, patience=800, min_delta=2, use_restart=False, max_restarts=0"
f_different_footprints,hill_climbing,1000x1000,33040,29708,3332,2184796,779.7111,362.8472,"max_iterations=4000, patience=800, min_delta=2, use_restart=False, max_restarts=0"
f_different_footprints,hill_climbing,1000x1000,33040,29708,3332,2184796,663.3846,362.9732,"max_iterations=4000, patience=800, min_delta=2, use_restart=False, max_restarts=0"
a_example,simulated_annealing,4x7,5,3,2,125,1.4133,0.0981,"max_iterations=22000, initial_temperature=4200.0, cooling_rate=0.9982, min_temperature=0.08, reheats=3, reheat_factor=0.4, neighborhood_radius=5, top_k_res=45, max_utility_types=15, add_weight=0.16, remove_weight=0.1, move_weight=0.48, change_weight=0.26, max_runtime_s=720, seed=2, use_greedy_init=True, same_type_change_prob=0.92, similar_shape_change_prob=0.85, shape_slack=2"
a_example,simulated_annealing,4x7,5,3,2,125,0.9287,0.0488,"max_iterations=22000, initial_temperature=4200.0, cooling_rate=0.9982, min_temperature=0.08, reheats=3, reheat_factor=0.4, neighborhood_radius=5, top_k_res=45, max_utility_types=15, add_weight=0.16, remove_weight=0.1, move_weight=0.48, change_weight=0.26, max_runtime_s=720, seed=2, use_greedy_init=True, same_type_change_prob=0.92, similar_shape_change_prob=0.85, shape_slack=2"
a_example,simulated_annealing,4x7,5,3,2,125,0.8942,0.0475,"max_iterations=22000, initial_temperature=4200.0, cooling_rate=0.9982, min_temperature=0.08, reheats=3, reheat_factor=0.4, neighborhood_radius=5, top_k_res=45, max_utility_types=15, add_weight=0.16, remove_weight=0.1, move_weight=0.48, change_weight=0.26, max_runtime_s=720, seed=2, use_greedy_init=True, same_type_change_prob=0.92, similar_shape_change_prob=0.85, shape_slack=2"
a_example,simulated_annealing,4x7,5,3,2,125,0.7877,0.0473,"max_iterations=22000, initial_temperature=4200.0, cooling_rate=0.9982, min_temperature=0.08, reheats=3, reheat_factor=0.4, neighborhood_radius=5, top_k_res=45, max_utility_types=15, add_weight=0.16, remove_weight=0.1, move_weight=0.48, change_weight=0.26, max_runtime_s=720, seed=2, use_greedy_init=True, same_type_change_prob=0.92, similar_shape_change_prob=0.85, shape_slack=2"
a_example,simulated_annealing,4x7,5,3,2,125,0.7212,0.0473,"max_iterations=22000, initial_temperature=4200.0, cooling_rate=0.9982, min_temperature=0.08, reheats=3, reheat_factor=0.4, neighborhood_radius=5, top_k_res=45, max_utility_types=15, add_weight=0.16, remove_weight=0.1, move_weight=0.48, change_weight=0.26, max_runtime_s=720, seed=2, use_greedy_init=True, same_type_change_prob=0.92, similar_shape_change_prob=0.85, shape_slack=2"
b_short_walk,simulated_annealing,1000x1000,103833,20875,82958,1804115,15.8394,365.5945,"max_iterations=22000, initial_temperature=4200.0, cooling_rate=0.9982, min_temperature=0.08, reheats=3, reheat_factor=0.4, neighborhood_radius=5, top_k_res=45, max_utility_types=15, add_weight=0.16, remove_weight=0.1, move_weight=0.48, change_weight=0.26, max_runtime_s=720, seed=2, use_greedy_init=True, same_type_change_prob=0.92, similar_shape_change_prob=0.85, shape_slack=2"
b_short_walk,simulated_annealing,1000x1000,103833,20875,82958,1804115,17.5209,365.5945,"max_iterations=22000, initial_temperature=4200.0, cooling_rate=0.9982, min_temperature=0.08, reheats=3, reheat_factor=0.4, neighborhood_radius=5, top_k_res=45, max_utility_types=15, add_weight=0.16, remove_weight=0.1, move_weight=0.48, change_weight=0.26, max_runtime_s=720, seed=2, use_greedy_init=True, same_type_change_prob=0.92, similar_shape_change_prob=0.85, shape_slack=2"
b_short_walk,simulated_annealing,1000x1000,103833,20875,82958,1804115,25.0791,365.5945,"max_iterations=22000, initial_temperature=4200.0, cooling_rate=0.9982, min_temperature=0.08, reheats=3, reheat_factor=0.4, neighborhood_radius=5, top_k_res=45, max_utility_types=15, add_weight=0.16, remove_weight=0.1, move_weight=0.48, change_weight=0.26, max_runtime_s=720, seed=2, use_greedy_init=True, same_type_change_prob=0.92, similar_shape_change_prob=0.85, shape_slack=2"
b_short_walk,simulated_annealing,1000x1000,103833,20875,82958,1804115,16.9190,365.5945,"max_iterations=22000, initial_temperature=4200.0, cooling_rate=0.9982, min_temperature=0.08, reheats=3, reheat_factor=0.4, neighborhood_radius=5, top_k_res=45, max_utility_types=15, add_weight=0.16, remove_weight=0.1, move_weight=0.48, change_weight=0.26, max_runtime_s=720, seed=2, use_greedy_init=True, same_type_change_prob=0.92, similar_shape_change_prob=0.85, shape_slack=2"
b_short_walk,simulated_annealing,1000x1000,103833,20875,82958,1804115,13.2382,365.5945,"max_iterations=22000, initial_temperature=4200.0, cooling_rate=0.9982, min_temperature=0.08, reheats=3, reheat_factor=0.4, neighborhood_radius=5, top_k_res=45, max_utility_types=15, add_weight=0.16, remove_weight=0.1, move_weight=0.48, change_weight=0.26, max_runtime_s=720, seed=2, use_greedy_init=True, same_type_change_prob=0.92, similar_shape_change_prob=0.85, shape_slack=2"
c_going_green,simulated_annealing,1000x1000,5673,1766,3907,2014514,636.7205,762.1609,"max_iterations=22000, initial_temperature=4200.0, cooling_rate=0.9982, min_temperature=0.08, reheats=3, reheat_factor=0.4, neighborhood_radius=5, top_k_res=45, max_utility_types=15, add_weight=0.16, remove_weight=0.1, move_weight=0.48, change_weight=0.26, max_runtime_s=720, seed=2, use_greedy_init=True, same_type_change_prob=0.92, similar_shape_change_prob=0.85, shape_slack=2"
c_going_green,simulated_annealing,1000x1000,5699,1781,3918,1954842,624.3597,754.2855,"max_iterations=22000, initial_temperature=4200.0, cooling_rate=0.9982, min_temperature=0.08, reheats=3, reheat_factor=0.4, neighborhood_radius=5, top_k_res=45, max_utility_types=15, add_weight=0.16, remove_weight=0.1, move_weight=0.48, change_weight=0.26, max_runtime_s=720, seed=2, use_greedy_init=True, same_type_change_prob=0.92, similar_shape_change_prob=0.85, shape_slack=2"
c_going_green,simulated_annealing,1000x1000,5666,1765,3901,1917945,630.5584,752.6483,"max_iterations=22000, initial_temperature=4200.0, cooling_rate=0.9982, min_temperature=0.08, reheats=3, reheat_factor=0.4, neighborhood_radius=5, top_k_res=45, max_utility_types=15, add_weight=0.16, remove_weight=0.1, move_weight=0.48, change_weight=0.26, max_runtime_s=720, seed=2, use_greedy_init=True, same_type_change_prob=0.92, similar_shape_change_prob=0.85, shape_slack=2"
c_going_green,simulated_annealing,1000x1000,5657,1795,3862,1984043,620.0988,757.7714,"max_iterations=22000, initial_temperature=4200.0, cooling_rate=0.9982, min_temperature=0.08, reheats=3, reheat_factor=0.4, neighborhood_radius=5, top_k_res=45, max_utility_types=15, add_weight=0.16, remove_weight=0.1, move_weight=0.48, change_weight=0.26, max_runtime_s=720, seed=2, use_greedy_init=True, same_type_change_prob=0.92, similar_shape_change_prob=0.85, shape_slack=2"
c_going_green,simulated_annealing,1000x1000,5418,1588,3830,1580763,680.3587,717.3648,"max_iterations=22000, initial_temperature=4200.0, cooling_rate=0.9982, min_temperature=0.08, reheats=3, reheat_factor=0.4, neighborhood_radius=5, top_k_res=45, max_utility_types=15, add_weight=0.16, remove_weight=0.1, move_weight=0.48, change_weight=0.26, max_runtime_s=720, seed=2, use_greedy_init=True, same_type_change_prob=0.92, similar_shape_change_prob=0.85, shape_slack=2"
d_wide_selection,simulated_annealing,1000x1000,240208,30835,209373,1042816,258.1190,750.0375,"max_iterations=22000, initial_temperature=4200.0, cooling_rate=0.9982, min_temperature=0.08, reheats=3, reheat_factor=0.4, neighborhood_radius=5, top_k_res=45, max_utility_types=15, add_weight=0.16, remove_weight=0.1, move_weight=0.48, change_weight=0.26, max_runtime_s=720, seed=2, use_greedy_init=True, same_type_change_prob=0.92, similar_shape_change_prob=0.85, shape_slack=2"
d_wide_selection,simulated_annealing,1000x1000,240208,30835,209373,1042816,268.0432,750.1632,"max_iterations=22000, initial_temperature=4200.0, cooling_rate=0.9982, min_temperature=0.08, reheats=3, reheat_factor=0.4, neighborhood_radius=5, top_k_res=45, max_utility_types=15, add_weight=0.16, remove_weight=0.1, move_weight=0.48, change_weight=0.26, max_runtime_s=720, seed=2, use_greedy_init=True, same_type_change_prob=0.92, similar_shape_change_prob=0.85, shape_slack=2"
d_wide_selection,simulated_annealing,1000x1000,240208,30835,209373,1042816,275.0469,750.1614,"max_iterations=22000, initial_temperature=4200.0, cooling_rate=0.9982, min_temperature=0.08, reheats=3, reheat_factor=0.4, neighborhood_radius=5, top_k_res=45, max_utility_types=15, add_weight=0.16, remove_weight=0.1, move_weight=0.48, change_weight=0.26, max_runtime_s=720, seed=2, use_greedy_init=True, same_type_change_prob=0.92, similar_shape_change_prob=0.85, shape_slack=2"
d_wide_selection,simulated_annealing,1000x1000,240208,30835,209373,1042816,302.6055,750.1614,"max_iterations=22000, initial_temperature=4200.0, cooling_rate=0.9982, min_temperature=0.08, reheats=3, reheat_factor=0.4, neighborhood_radius=5, top_k_res=45, max_utility_types=15, add_weight=0.16, remove_weight=0.1, move_weight=0.48, change_weight=0.26, max_runtime_s=720, seed=2, use_greedy_init=True, same_type_change_prob=0.92, similar_shape_change_prob=0.85, shape_slack=2"
d_wide_selection,simulated_annealing,1000x1000,240208,30835,209373,1042816,287.5840,750.1614,"max_iterations=22000, initial_temperature=4200.0, cooling_rate=0.9982, min_temperature=0.08, reheats=3, reheat_factor=0.4, neighborhood_radius=5, top_k_res=45, max_utility_types=15, add_weight=0.16, remove_weight=0.1, move_weight=0.48, change_weight=0.26, max_runtime_s=720, seed=2, use_greedy_init=True, same_type_change_prob=0.92, similar_shape_change_prob=0.85, shape_slack=2"
e_precise_fit,simulated_annealing,1000x1000,17517,17193,324,2065445,243.1866,369.4908,"max_iterations=22000, initial_temperature=4200.0, cooling_rate=0.9982, min_temperature=0.08, reheats=3, reheat_factor=0.4, neighborhood_radius=5, top_k_res=45, max_utility_types=15, add_weight=0.16, remove_weight=0.1, move_weight=0.48, change_weight=0.26, max_runtime_s=720, seed=2, use_greedy_init=True, same_type_change_prob=0.92, similar_shape_change_prob=0.85, shape_slack=2"
e_precise_fit,simulated_annealing,1000x1000,17517,17193,324,2065445,235.4153,369.4906,"max_iterations=22000, initial_temperature=4200.0, cooling_rate=0.9982, min_temperature=0.08, reheats=3, reheat_factor=0.4, neighborhood_radius=5, top_k_res=45, max_utility_types=15, add_weight=0.16, remove_weight=0.1, move_weight=0.48, change_weight=0.26, max_runtime_s=720, seed=2, use_greedy_init=True, same_type_change_prob=0.92, similar_shape_change_prob=0.85, shape_slack=2"
e_precise_fit,simulated_annealing,1000x1000,17517,17193,324,2065445,270.9057,369.6270,"max_iterations=22000, initial_temperature=4200.0, cooling_rate=0.9982, min_temperature=0.08, reheats=3, reheat_factor=0.4, neighborhood_radius=5, top_k_res=45, max_utility_types=15, add_weight=0.16, remove_weight=0.1, move_weight=0.48, change_weight=0.26, max_runtime_s=720, seed=2, use_greedy_init=True, same_type_change_prob=0.92, similar_shape_change_prob=0.85, shape_slack=2"
e_precise_fit,simulated_annealing,1000x1000,17517,17193,324,2065445,270.9282,369.6270,"max_iterations=22000, initial_temperature=4200.0, cooling_rate=0.9982, min_temperature=0.08, reheats=3, reheat_factor=0.4, neighborhood_radius=5, top_k_res=45, max_utility_types=15, add_weight=0.16, remove_weight=0.1, move_weight=0.48, change_weight=0.26, max_runtime_s=720, seed=2, use_greedy_init=True, same_type_change_prob=0.92, similar_shape_change_prob=0.85, shape_slack=2"
e_precise_fit,simulated_annealing,1000x1000,17517,17193,324,2065445,193.5105,369.4906,"max_iterations=22000, initial_temperature=4200.0, cooling_rate=0.9982, min_temperature=0.08, reheats=3, reheat_factor=0.4, neighborhood_radius=5, top_k_res=45, max_utility_types=15, add_weight=0.16, remove_weight=0.1, move_weight=0.48, change_weight=0.26, max_runtime_s=720, seed=2, use_greedy_init=True, same_type_change_prob=0.92, similar_shape_change_prob=0.85, shape_slack=2"
f_different_footprints,simulated_annealing,1000x1000,21755,18302,3453,1435633,390.0301,479.4437,"max_iterations=22000, initial_temperature=4200.0, cooling_rate=0.9982, min_temperature=0.08, reheats=3, reheat_factor=0.4, neighborhood_radius=5, top_k_res=45, max_utility_types=15, add_weight=0.16, remove_weight=0.1, move_weight=0.48, change_weight=0.26, max_runtime_s=720, seed=2, use_greedy_init=True, same_type_change_prob=0.92, similar_shape_change_prob=0.85, shape_slack=2"
f_different_footprints,simulated_annealing,1000x1000,21221,17788,3433,1394787,396.3450,482.3138,"max_iterations=22000, initial_temperature=4200.0, cooling_rate=0.9982, min_temperature=0.08, reheats=3, reheat_factor=0.4, neighborhood_radius=5, top_k_res=45, max_utility_types=15, add_weight=0.16, remove_weight=0.1, move_weight=0.48, change_weight=0.26, max_runtime_s=720, seed=2, use_greedy_init=True, same_type_change_prob=0.92, similar_shape_change_prob=0.85, shape_slack=2"
f_different_footprints,simulated_annealing,1000x1000,20668,17305,3363,1351837,401.5775,478.0094,"max_iterations=22000, initial_temperature=4200.0, cooling_rate=0.9982, min_temperature=0.08, reheats=3, reheat_factor=0.4, neighborhood_radius=5, top_k_res=45, max_utility_types=15, add_weight=0.16, remove_weight=0.1, move_weight=0.48, change_weight=0.26, max_runtime_s=720, seed=2, use_greedy_init=True, same_type_change_prob=0.92, similar_shape_change_prob=0.85, shape_slack=2"
f_different_footprints,simulated_annealing,1000x1000,13193,10646,2547,821972,457.7163,445.2131,"max_iterations=22000, initial_temperature=4200.0, cooling_rate=0.9982, min_temperature=0.08, reheats=3, reheat_factor=0.4, neighborhood_radius=5, top_k_res=45, max_utility_types=15, add_weight=0.16, remove_weight=0.1, move_weight=0.48, change_weight=0.26, max_runtime_s=720, seed=2, use_greedy_init=True, same_type_change_prob=0.92, similar_shape_change_prob=0.85, shape_slack=2"
f_different_footprints,simulated_annealing,1000x1000,26073,22237,3836,1764200,372.9049,504.7684,"max_iterations=22000, initial_temperature=4200.0, cooling_rate=0.9982, min_temperature=0.08, reheats=3, reheat_factor=0.4, neighborhood_radius=5, top_k_res=45, max_utility_types=15, add_weight=0.16, remove_weight=0.1, move_weight=0.48, change_weight=0.26, max_runtime_s=720, seed=2, use_greedy_init=True, same_type_change_prob=0.92, similar_shape_change_prob=0.85, shape_slack=2"
a_example,tabu_search,4x7,5,3,2,125,3.8929,0.0430,"max_iterations=3000, tabu_tenure=25, neighborhood_size=25, max_runtime_s=1000"
a_example,tabu_search,4x7,5,3,2,125,5.1337,0.0203,"max_iterations=3000, tabu_tenure=25, neighborhood_size=25, max_runtime_s=1000"
a_example,tabu_search,4x7,5,3,2,125,3.7444,0.0200,"max_iterations=3000, tabu_tenure=25, neighborhood_size=25, max_runtime_s=1000"
a_example,tabu_search,4x7,5,3,2,125,5.1100,0.0200,"max_iterations=3000, tabu_tenure=25, neighborhood_size=25, max_runtime_s=1000"
a_example,tabu_search,4x7,5,3,2,125,4.3181,0.0200,"max_iterations=3000, tabu_tenure=25, neighborhood_size=25, max_runtime_s=1000"
b_short_walk,tabu_search,1000x1000,102928,21230,81698,1833002,46.8525,335.4753,"max_iterations=3000, tabu_tenure=25, neighborhood_size=25, max_runtime_s=1000"
b_short_walk,tabu_search,1000x1000,102928,21230,81698,1833002,55.4754,335.4780,"max_iterations=3000, tabu_tenure=25, neighborhood_size=25, max_runtime_s=1000"
b_short_walk,tabu_search,1000x1000,102928,21230,81698,1833002,53.7061,335.4563,"max_iterations=3000, tabu_tenure=25, neighborhood_size=25, max_runtime_s=1000"
b_short_walk,tabu_search,1000x1000,102928,21230,81698,1833002,46.5017,335.4563,"max_iterations=3000, tabu_tenure=25, neighborhood_size=25, max_runtime_s=1000"
b_short_walk,tabu_search,1000x1000,102928,21230,81698,1833002,46.7782,335.2332,"max_iterations=3000, tabu_tenure=25, neighborhood_size=25, max_runtime_s=1000"
c_going_green,tabu_search,1000x1000,3275,951,2324,1092852,983.5280,449.6390,"max_iterations=3000, tabu_tenure=25, neighborhood_size=25, max_runtime_s=1000"
c_going_green,tabu_search,1000x1000,3499,1093,2406,1268121,981.7025,524.6547,"max_iterations=3000, tabu_tenure=25, neighborhood_size=25, max_runtime_s=1000"
c_going_green,tabu_search,1000x1000,3415,1031,2384,1188008,982.2758,454.9662,"max_iterations=3000, tabu_tenure=25, neighborhood_size=25, max_runtime_s=1000"
c_going_green,tabu_search,1000x1000,3318,974,2344,1125192,983.3729,449.7006,"max_iterations=3000, tabu_tenure=25, neighborhood_size=25, max_runtime_s=1000"
c_going_green,tabu_search,1000x1000,3502,1064,2438,1265001,982.2751,520.3926,"max_iterations=3000, tabu_tenure=25, neighborhood_size=25, max_runtime_s=1000"
d_wide_selection,tabu_search,1000x1000,239672,31761,207911,981184,240.8272,740.8485,"max_iterations=3000, tabu_tenure=25, neighborhood_size=25, max_runtime_s=1000"
d_wide_selection,tabu_search,1000x1000,239672,31761,207911,981184,247.7996,740.8485,"max_iterations=3000, tabu_tenure=25, neighborhood_size=25, max_runtime_s=1000"
d_wide_selection,tabu_search,1000x1000,239672,31761,207911,981184,227.9872,740.8485,"max_iterations=3000, tabu_tenure=25, neighborhood_size=25, max_runtime_s=1000"
d_wide_selection,tabu_search,1000x1000,239672,31761,207911,981184,273.6066,740.8485,"max_iterations=3000, tabu_tenure=25, neighborhood_size=25, max_runtime_s=1000"
d_wide_selection,tabu_search,1000x1000,239672,31761,207911,981184,203.9583,740.7160,"max_iterations=3000, tabu_tenure=25, neighborhood_size=25, max_runtime_s=1000"
e_precise_fit,tabu_search,1000x1000,19376,18878,498,2175395,248.5012,372.6599,"max_iterations=3000, tabu_tenure=25, neighborhood_size=25, max_runtime_s=1000"
e_precise_fit,tabu_search,1000x1000,19376,18878,498,2175395,257.0714,372.6599,"max_iterations=3000, tabu_tenure=25, neighborhood_size=25, max_runtime_s=1000"
e_precise_fit,tabu_search,1000x1000,19376,18878,498,2175395,260.5339,372.6599,"max_iterations=3000, tabu_tenure=25, neighborhood_size=25, max_runtime_s=1000"
e_precise_fit,tabu_search,1000x1000,19376,18878,498,2175395,275.9616,372.6599,"max_iterations=3000, tabu_tenure=25, neighborhood_size=25, max_runtime_s=1000"
e_precise_fit,tabu_search,1000x1000,19376,18878,498,2175395,288.1975,372.5871,"max_iterations=3000, tabu_tenure=25, neighborhood_size=25, max_runtime_s=1000"
f_different_footprints,tabu_search,1000x1000,34422,30780,3642,2286000,437.2861,566.3322,"max_iterations=3000, tabu_tenure=25, neighborhood_size=25, max_runtime_s=1000"
f_different_footprints,tabu_search,1000x1000,34422,30780,3642,2286000,434.9685,566.3322,"max_iterations=3000, tabu_tenure=25, neighborhood_size=25, max_runtime_s=1000"
f_different_footprints,tabu_search,1000x1000,34354,30719,3635,2283942,442.4151,568.0134,"max_iterations=3000, tabu_tenure=25, neighborhood_size=25, max_runtime_s=1000"
f_different_footprints,tabu_search,1000x1000,30843,27229,3614,2032844,467.0625,558.6135,"max_iterations=3000, tabu_tenure=25, neighborhood_size=25, max_runtime_s=1000"
f_different_footprints,tabu_search,1000x1000,34422,30780,3642,2286000,390.7037,566.2823,"max_iterations=3000, tabu_tenure=25, neighborhood_size=25, max_runtime_s=1000"
a_example,greedy,4x7,4,3,1,75,0.0014,0.0095,"seed=0, max_runtime_s=540, top_k_res=40, max_utility_types=8, hub_step=None, max_hubs=None, max_candidates_per_hub=900, top_local_res=5"
a_example,greedy,4x7,4,3,1,75,0.0010,0.0026,"seed=0, max_runtime_s=540, top_k_res=40, max_utility_types=8, hub_step=None, max_hubs=None, max_candidates_per_hub=900, top_local_res=5"
a_example,greedy,4x7,4,3,1,75,0.0011,0.0024,"seed=0, max_runtime_s=540, top_k_res=40, max_utility_types=8, hub_step=None, max_hubs=None, max_candidates_per_hub=900, top_local_res=5"
a_example,greedy,4x7,4,3,1,75,0.0012,0.0024,"seed=0, max_runtime_s=540, top_k_res=40, max_utility_types=8, hub_step=None, max_hubs=None, max_candidates_per_hub=900, top_local_res=5"
a_example,greedy,4x7,4,3,1,75,0.0013,0.0024,"seed=0, max_runtime_s=540, top_k_res=40, max_utility_types=8, hub_step=None, max_hubs=None, max_candidates_per_hub=900, top_local_res=5"
b_short_walk,greedy,1000x1000,103833,20875,82958,1804115,4.7903,18.5954,"seed=0, max_runtime_s=540, top_k_res=40, max_utility_types=8, hub_step=None, max_hubs=None, max_candidates_per_hub=900, top_local_res=5"
b_short_walk,greedy,1000x1000,103833,20875,82958,1804115,5.0000,18.6030,"seed=0, max_runtime_s=540, top_k_res=40, max_utility_types=8, hub_step=None, max_hubs=None, max_candidates_per_hub=900, top_local_res=5"
b_short_walk,greedy,1000x1000,103833,20875,82958,1804115,4.9639,18.6030,"seed=0, max_runtime_s=540, top_k_res=40, max_utility_types=8, hub_step=None, max_hubs=None, max_candidates_per_hub=900, top_local_res=5"
b_short_walk,greedy,1000x1000,103833,20875,82958,1804115,5.0337,18.6030,"seed=0, max_runtime_s=540, top_k_res=40, max_utility_types=8, hub_step=None, max_hubs=None, max_candidates_per_hub=900, top_local_res=5"
b_short_walk,greedy,1000x1000,103833,20875,82958,1804115,4.9227,18.6030,"seed=0, max_runtime_s=540, top_k_res=40, max_utility_types=8, hub_step=None, max_hubs=None, max_candidates_per_hub=900, top_local_res=5"
c_going_green,greedy,1000x1000,3314,1266,2048,1199899,496.8117,12.0302,"seed=0, max_runtime_s=540, top_k_res=40, max_utility_types=8, hub_step=None, max_hubs=None, max_candidates_per_hub=900, top_local_res=5"
c_going_green,greedy,1000x1000,3327,1279,2048,1214620,496.8099,12.0337,"seed=0, max_runtime_s=540, top_k_res=40, max_utility_types=8, hub_step=None, max_hubs=None, max_candidates_per_hub=900, top_local_res=5"
c_going_green,greedy,1000x1000,3284,1236,2048,1180367,496.8077,12.0291,"seed=0, max_runtime_s=540, top_k_res=40, max_utility_types=8, hub_step=None, max_hubs=None, max_candidates_per_hub=900, top_local_res=5"
c_going_green,greedy,1000x1000,3268,1220,2048,1164207,496.8099,12.0275,"seed=0, max_runtime_s=540, top_k_res=40, max_utility_types=8, hub_step=None, max_hubs=None, max_candidates_per_hub=900, top_local_res=5"
c_going_green,greedy,1000x1000,3165,1117,2048,1081187,496.8091,12.0120,"seed=0, max_runtime_s=540, top_k_res=40, max_utility_types=8, hub_step=None, max_hubs=None, max_candidates_per_hub=900, top_local_res=5"
d_wide_selection,greedy,1000x1000,241800,31279,210521,967644,89.4021,33.4001,"seed=0, max_runtime_s=540, top_k_res=40, max_utility_types=8, hub_step=None, max_hubs=None, max_candidates_per_hub=900, top_local_res=5"
d_wide_selection,greedy,1000x1000,241800,31279,210521,967644,94.2907,33.4001,"seed=0, max_runtime_s=540, top_k_res=40, max_utility_types=8, hub_step=None, max_hubs=None, max_candidates_per_hub=900, top_local_res=5"
d_wide_selection,greedy,1000x1000,241800,31279,210521,967644,96.7529,33.4001,"seed=0, max_runtime_s=540, top_k_res=40, max_utility_types=8, hub_step=None, max_hubs=None, max_candidates_per_hub=900, top_local_res=5"
d_wide_selection,greedy,1000x1000,241800,31279,210521,967644,110.0769,33.4001,"seed=0, max_runtime_s=540, top_k_res=40, max_utility_types=8, hub_step=None, max_hubs=None, max_candidates_per_hub=900, top_local_res=5"
d_wide_selection,greedy,1000x1000,241800,31279,210521,967644,126.1791,33.4001,"seed=0, max_runtime_s=540, top_k_res=40, max_utility_types=8, hub_step=None, max_hubs=None, max_candidates_per_hub=900, top_local_res=5"
e_precise_fit,greedy,1000x1000,17524,17200,324,2066020,200.5126,11.2422,"seed=0, max_runtime_s=540, top_k_res=40, max_utility_types=8, hub_step=None, max_hubs=None, max_candidates_per_hub=900, top_local_res=5"
e_precise_fit,greedy,1000x1000,17524,17200,324,2066020,220.3034,11.2422,"seed=0, max_runtime_s=540, top_k_res=40, max_utility_types=8, hub_step=None, max_hubs=None, max_candidates_per_hub=900, top_local_res=5"
e_precise_fit,greedy,1000x1000,17524,17200,324,2066020,220.9486,11.2422,"seed=0, max_runtime_s=540, top_k_res=40, max_utility_types=8, hub_step=None, max_hubs=None, max_candidates_per_hub=900, top_local_res=5"
e_precise_fit,greedy,1000x1000,17524,17200,324,2066020,242.6881,11.2422,"seed=0, max_runtime_s=540, top_k_res=40, max_utility_types=8, hub_step=None, max_hubs=None, max_candidates_per_hub=900, top_local_res=5"
e_precise_fit,greedy,1000x1000,17524,17200,324,2066020,200.9968,11.2422,"seed=0, max_runtime_s=540, top_k_res=40, max_utility_types=8, hub_step=None, max_hubs=None, max_candidates_per_hub=900, top_local_res=5"
f_different_footprints,greedy,1000x1000,32807,29511,3296,2177902,189.7230,40.7671,"seed=0, max_runtime_s=540, top_k_res=40, max_utility_types=8, hub_step=None, max_hubs=None, max_candidates_per_hub=900, top_local_res=5"
f_different_footprints,greedy,1000x1000,32807,29511,3296,2177902,189.6775,40.7693,"seed=0, max_runtime_s=540, top_k_res=40, max_utility_types=8, hub_step=None, max_hubs=None, max_candidates_per_hub=900, top_local_res=5"
f_different_footprints,greedy,1000x1000,32807,29511,3296,2177902,191.3101,40.7641,"seed=0, max_runtime_s=540, top_k_res=40, max_utility_types=8, hub_step=None, max_hubs=None, max_candidates_per_hub=900, top_local_res=5"
f_different_footprints,greedy,1000x1000,32807,29511,3296,2177902,190.6324,40.7767,"seed=0, max_runtime_s=540, top_k_res=40, max_utility_types=8, hub_step=None, max_hubs=None, max_candidates_per_hub=900, top_local_res=5"
f_different_footprints,greedy,1000x1000,32807,29511,3296,2177902,193.3785,40.7631,"seed=0, max_runtime_s=540, top_k_res=40, max_utility_types=8, hub_step=None, max_hubs=None, max_candidates_per_hub=900, top_local_res=5"
